datetime,grid_power,grid_import,grid_export
2024-04-14T15:00:00Z,-0.4451174993166288,0.0,0.4480000000018624
2024-04-14T15:15:00Z,-0.2671043111111111,0.0,0.268
2024-04-14T15:30:00Z,-0.23301020000000022,0.0,0.2359999999981372
2024-04-14T15:45:00Z,-0.17936506666666674,0.0,0.1840000000018624
2024-04-14T16:00:00Z,-0.20982019259259288,0.0,0.2119999999981372
2024-04-14T16:15:00Z,-0.09933049629629642,0.0,0.104
2024-04-14T16:30:00Z,0.0,0.0,0.0
2024-04-14T16:45:00Z,0.0,0.0,0.0
2024-04-14T17:00:00Z,0.0,0.0,0.0040000000018624
2024-04-14T17:15:00Z,4.184210901003311,4.516,0.0
2024-04-14T17:30:00Z,2.658855420481143,2.92,0.0
2024-04-14T17:45:00Z,1.549016524650675,1.788,0.0
2024-04-14T18:00:00Z,1.6653345369377348e-16,0.32,0.012
2024-04-14T18:15:00Z,0.0,0.0,0.0
2024-04-14T18:30:00Z,0.0,0.0,0.0039999999981372
2024-04-14T18:45:00Z,0.0,0.0,0.0
2024-04-14T19:00:00Z,0.0,0.0,0.0
2024-04-14T19:15:00Z,0.0,0.0,0.0040000000018624
2024-04-14T19:30:00Z,0.0,0.0,0.0
2024-04-14T19:45:00Z,0.0,0.0,0.0039999999981372
2024-04-14T20:00:00Z,0.0,0.0,0.0
2024-04-14T20:15:00Z,0.0,0.0,0.0040000000018624
2024-04-14T20:30:00Z,0.0,0.0,0.0
2024-04-14T20:45:00Z,0.0,0.0,0.0039999999981372
2024-04-14T21:00:00Z,2.2141846346978555,3.084,0.012
2024-04-14T21:15:00Z,0.0,0.0,0.0
2024-04-14T21:30:00Z,0.0,0.0,0.0
2024-04-14T21:45:00Z,0.0,0.0,0.0
2024-04-14T22:00:00Z,0.0,0.0,0.0040000000018624
2024-04-14T22:15:00Z,0.0,0.0,0.0
2024-04-14T22:30:00Z,0.0,0.0,0.0
2024-04-14T22:45:00Z,0.2907204292573859,0.0,0.0039999999981372
2024-04-14T23:00:00Z,0.29745409629629604,0.0,0.0
2024-04-14T23:15:00Z,0.2732352740740741,0.0,0.0040000000018624
2024-04-14T23:30:00Z,0.2757602962962965,0.0,0.0
2024-04-14T23:45:00Z,0.29371168933185193,0.216,0.0
2024-04-15T00:00:00Z,0.2860844444444444,0.284,0.0
2024-04-15T00:15:00Z,0.3249177777777777,0.328,0.0
2024-04-15T00:30:00Z,0.3061833333333333,0.304,0.0
2024-04-15T00:45:00Z,0.3076388888888889,0.308,0.0
2024-04-15T01:00:00Z,0.3080811111111111,0.308,0.0
2024-04-15T01:15:00Z,0.27898,0.284,0.0
2024-04-15T01:30:00Z,0.2656955555555555,0.264,0.0
2024-04-15T01:45:00Z,0.3682111111111111,0.372,0.0
2024-04-15T02:00:00Z,0.2192933333333333,0.216,0.0
2024-04-15T02:15:00Z,0.2426007407407407,0.244,0.0
2024-04-15T02:30:00Z,0.2846137037037036,0.284,0.0
2024-04-15T02:45:00Z,0.3324033333333333,0.336,0.0
2024-04-15T03:00:00Z,0.3068766666666667,0.304,0.0
2024-04-15T03:15:00Z,0.3063875530410183,0.308,0.0
2024-04-15T03:30:00Z,0.3009233333333333,0.3000000000009312,0.0
2024-04-15T03:45:00Z,0.2727418518518518,0.2719999999990684,0.0
2024-04-15T04:00:00Z,0.2670385185185185,0.268,0.0
2024-04-15T04:15:00Z,0.2508862962962963,0.252,0.0
2024-04-15T04:30:00Z,0.2349577777777777,0.236,0.0
2024-04-15T04:45:00Z,0.2270333333333333,0.228,0.0
2024-04-15T05:00:00Z,0.250437037037037,0.252,0.0
2024-04-15T05:15:00Z,0.31295632769629633,0.312,0.0
2024-04-15T05:30:00Z,0.2610277970370371,0.2599999999990684,0.0
2024-04-15T05:45:00Z,0.2035618074074081,0.2080000000009312,0.0
2024-04-15T06:00:00Z,0.06492704444444419,0.0639999999990684,0.0
2024-04-15T06:15:00Z,0.0,0.0200000000009312,0.0
2024-04-15T06:30:00Z,0.0,0.028,0.0
2024-04-15T06:45:00Z,0.0,0.0,0.0
2024-04-15T07:00:00Z,0.0,0.0,0.0
2024-04-15T07:15:00Z,0.0,0.0,0.0
2024-04-15T07:30:00Z,0.0,0.0,0.0
2024-04-15T07:45:00Z,0.0,0.0,0.0
2024-04-15T08:00:00Z,0.0,0.0,0.004
2024-04-15T08:15:00Z,0.0,0.0,0.0
2024-04-15T08:30:00Z,0.0,0.0,0.0040000000018624
2024-04-15T08:45:00Z,0.0,0.0,0.0
2024-04-15T09:00:00Z,0.0,0.0,0.0
2024-04-15T09:15:00Z,0.0,0.0,0.0039999999981372
2024-04-15T09:30:00Z,0.0,0.0,0.0
2024-04-15T09:45:00Z,0.0,0.0,0.0
2024-04-15T10:00:00Z,0.0,0.0,0.0040000000018624
2024-04-15T10:15:00Z,0.0,0.0,0.0
2024-04-15T10:30:00Z,0.0,0.0,0.0039999999981372
2024-04-15T10:45:00Z,0.0,0.0,0.0
2024-04-15T11:00:00Z,0.0,0.0,0.0
2024-04-15T11:15:00Z,0.0,0.0,0.004
2024-04-15T11:30:00Z,0.0,0.0,0.0
2024-04-15T11:45:00Z,0.0,0.0,0.004
2024-04-15T12:00:00Z,0.0,0.0,0.0
2024-04-15T12:15:00Z,0.0,0.0,0.004
2024-04-15T12:30:00Z,0.0,0.0,0.0
2024-04-15T12:45:00Z,0.0,0.0,0.0
2024-04-15T13:00:00Z,0.0,0.0,0.004
2024-04-15T13:15:00Z,3.3106877903686613,0.964,0.0
2024-04-15T13:30:00Z,1.5197184240000028,2.176,0.0
2024-04-15T13:45:00Z,1.6069229742222226,1.132,0.0
2024-04-15T14:00:00Z,1.8405398237037027,1.96,0.0
2024-04-15T14:15:00Z,2.4385628622222244,2.28,0.0
2024-04-15T14:30:00Z,2.0939815004444426,2.24,0.0
2024-04-15T14:45:00Z,1.1015151030123467,1.56,0.0
2024-04-15T15:00:00Z,0.0,0.016,0.0
2024-04-15T15:15:00Z,0.0,0.0,0.004
2024-04-15T15:30:00Z,0.0,0.0,0.0
2024-04-15T15:45:00Z,0.0,0.0,0.0
2024-04-15T16:00:00Z,0.0,0.0,0.0040000000018624
2024-04-15T16:15:00Z,0.0,0.0,0.0
2024-04-15T16:30:00Z,0.0,0.0,0.0039999999981372
2024-04-15T16:45:00Z,0.0,0.0,0.0
2024-04-15T17:00:00Z,0.0,0.0,0.0
2024-04-15T17:15:00Z,0.0,0.0,0.0040000000018624
2024-04-15T17:30:00Z,0.0,0.0,0.0
2024-04-15T17:45:00Z,0.0,0.0,0.0039999999981372
2024-04-15T18:00:00Z,0.0,0.0,0.0
2024-04-15T18:15:00Z,0.0,0.0,0.0
2024-04-15T18:30:00Z,0.0,0.0,0.004
2024-04-15T18:45:00Z,0.0,0.0,0.0
2024-04-15T19:00:00Z,0.0,0.0,0.004
2024-04-15T19:15:00Z,0.0,0.0,0.0
2024-04-15T19:30:00Z,0.0,0.0,0.004
2024-04-15T19:45:00Z,0.0,0.0,0.0
2024-04-15T20:00:00Z,0.0,0.0,0.0
2024-04-15T20:15:00Z,0.0,0.0,0.004
2024-04-15T20:30:00Z,0.0,0.0,0.0
2024-04-15T20:45:00Z,0.0,0.0,0.0
2024-04-15T21:00:00Z,0.0,0.0,0.0
2024-04-15T21:15:00Z,0.0,0.0,0.004
2024-04-15T21:30:00Z,0.0,0.0,0.0
2024-04-15T21:45:00Z,0.0,0.0,0.0
2024-04-15T22:00:00Z,0.0,0.0,0.0040000000018624
2024-04-15T22:15:00Z,0.0,0.0,0.0
2024-04-15T22:30:00Z,0.0,0.004,0.0039999999981372
2024-04-15T22:45:00Z,0.0,0.0,0.0
2024-04-15T23:00:00Z,0.0,0.0,0.0
2024-04-15T23:15:00Z,0.0,0.0,0.004
2024-04-15T23:30:00Z,0.0,0.0,0.0
2024-04-15T23:45:00Z,0.0,0.0,0.0
2024-04-16T00:00:00Z,0.0,0.0,0.004
2024-04-16T00:15:00Z,0.0,0.0,0.0040000000018624
2024-04-16T00:30:00Z,0.0,0.0,0.0
2024-04-16T00:45:00Z,0.0,0.0,0.0
2024-04-16T01:00:00Z,0.0,0.0,0.0039999999981372
2024-04-16T01:15:00Z,0.0,0.0,0.0
2024-04-16T01:30:00Z,0.0,0.0,0.004
2024-04-16T01:45:00Z,0.0,0.0,0.0
2024-04-16T02:00:00Z,0.0,0.0,0.004
2024-04-16T02:15:00Z,0.0,0.0,0.0
2024-04-16T02:30:00Z,0.0,0.0,0.004
2024-04-16T02:45:00Z,0.0,0.0,0.0
2024-04-16T03:00:00Z,0.0,0.0,0.0
2024-04-16T03:15:00Z,0.0,0.0,0.0040000000018624
2024-04-16T03:30:00Z,0.0,0.0,0.0
2024-04-16T03:45:00Z,0.0,0.0,0.0
2024-04-16T04:00:00Z,0.0,0.0,0.0039999999981372
2024-04-16T04:15:00Z,0.0,0.0,0.0
2024-04-16T04:30:00Z,0.0,0.0,0.004
2024-04-16T04:45:00Z,0.0,0.0,0.0
2024-04-16T05:00:00Z,0.0,0.0,0.0
2024-04-16T05:15:00Z,0.0,0.02,0.004
2024-04-16T05:30:00Z,0.0,0.0160000000009312,0.0040000000018624
2024-04-16T05:45:00Z,0.0,0.0,0.0
2024-04-16T06:00:00Z,0.0,0.0,0.0
2024-04-16T06:15:00Z,0.0,0.0,0.0
2024-04-16T06:30:00Z,0.0,0.0,0.0039999999962744
2024-04-16T06:45:00Z,0.0,0.0,0.0
2024-04-16T07:00:00Z,0.0,0.0039999999990684,0.0160000000037252
2024-04-16T07:15:00Z,0.0,0.012,0.0119999999981372
2024-04-16T07:30:00Z,0.0,0.0,0.0
2024-04-16T07:45:00Z,0.0,0.0,0.0
2024-04-16T08:00:00Z,0.0,0.0200000000009312,0.0040000000018624
2024-04-16T08:15:00Z,0.4841202852415043,1.3639999999990684,0.0
2024-04-16T08:30:00Z,0.0650064888888881,0.068,0.0
2024-04-16T08:45:00Z,0.09057326666666687,0.1040000000009312,0.0
2024-04-16T09:00:00Z,0.16388240000000048,0.1679999999990684,0.0
2024-04-16T09:15:00Z,0.24208268888888984,0.248,0.0
2024-04-16T09:30:00Z,0.0,0.016,0.0
2024-04-16T09:45:00Z,0.0,0.0,0.0
2024-04-16T10:00:00Z,0.0,0.012,0.0
2024-04-16T10:15:00Z,0.2693215851111084,0.624,0.0
2024-04-16T10:30:00Z,0.0,0.0,0.0
2024-04-16T10:45:00Z,0.0,0.0,0.0
2024-04-16T11:00:00Z,0.0,0.0,0.0039999999962744
2024-04-16T11:15:00Z,0.0,0.0,0.0
2024-04-16T11:30:00Z,0.0,0.0,0.0
2024-04-16T11:45:00Z,0.0,0.0,0.0040000000018624
2024-04-16T12:00:00Z,0.0,0.0,0.0
2024-04-16T12:15:00Z,0.0,0.0,0.004
2024-04-16T12:30:00Z,0.0,0.0,0.0
2024-04-16T12:45:00Z,0.0,0.0,0.0
2024-04-16T13:00:00Z,0.0,0.0,0.004
2024-04-16T13:15:00Z,1.383743360101652,0.0,0.0
2024-04-16T13:30:00Z,1.3640568480000002,0.116,0.0040000000018624
2024-04-16T13:45:00Z,1.665475295111111,1.54,0.0
2024-04-16T14:00:00Z,1.0673824977777777,1.0880000000009311,0.0
2024-04-16T14:15:00Z,1.9169575964444465,1.7159999999990687,0.0
2024-04-16T14:30:00Z,2.258902357925925,2.3240000000009315,0.0
2024-04-16T14:45:00Z,1.0890675629912958,1.7879999999990688,0.0
2024-04-16T15:00:00Z,-0.4477448220197415,0.0,0.4479999999962744
2024-04-16T15:15:00Z,0.0,0.008,0.3880000000018624
2024-04-16T15:30:00Z,0.0,0.0040000000009312,0.0
2024-04-16T15:45:00Z,0.0,0.0039999999990684,0.0079999999981372
2024-04-16T16:00:00Z,0.0,0.0,0.0040000000018624
2024-04-16T16:15:00Z,0.0,0.0,0.0
2024-04-16T16:30:00Z,0.0,0.0,0.0
2024-04-16T16:45:00Z,0.0,0.0,0.004
2024-04-16T17:00:00Z,0.0,0.0,0.0
2024-04-16T17:15:00Z,0.0,0.0,0.0040000000018624
2024-04-16T17:30:00Z,0.0,0.0,0.0
2024-04-16T17:45:00Z,0.0,0.0,0.0039999999962744
2024-04-16T18:00:00Z,0.0,0.0,0.0
2024-04-16T18:15:00Z,0.0,0.0,0.0
2024-04-16T18:30:00Z,0.0,0.0,0.0040000000018624
2024-04-16T18:45:00Z,0.0,0.0,0.0
2024-04-16T19:00:00Z,0.0,0.0,0.0
2024-04-16T19:15:00Z,0.0,0.0,0.004
2024-04-16T19:30:00Z,0.0,0.0,0.0
2024-04-16T19:45:00Z,0.0,0.0,0.0
2024-04-16T20:00:00Z,0.0,0.0,0.004
2024-04-16T20:15:00Z,0.0,0.0,0.0
2024-04-16T20:30:00Z,0.0,0.0,0.0039999999981372
2024-04-16T20:45:00Z,0.0,0.0,0.0
2024-04-16T21:00:00Z,0.0,0.0,0.004
2024-04-16T21:15:00Z,0.0,0.0,0.0
2024-04-16T21:30:00Z,0.0,0.0,0.0040000000018624
2024-04-16T21:45:00Z,0.0,0.0,0.0
2024-04-16T22:00:00Z,0.0,0.0,0.0
2024-04-16T22:15:00Z,0.0,0.0,0.0039999999981372
2024-04-16T22:30:00Z,0.0,0.0,0.0
2024-04-16T22:45:00Z,0.0,0.0,0.0040000000018624
2024-04-16T23:00:00Z,0.0,0.0,0.0
2024-04-16T23:15:00Z,0.0,0.0,0.0039999999981372
2024-04-16T23:30:00Z,0.0,0.0,0.0
2024-04-16T23:45:00Z,0.0,0.0,0.0
2024-04-17T00:00:00Z,0.0,0.0,0.0040000000018624
2024-04-17T00:15:00Z,0.0,0.0,0.0
2024-04-17T00:30:00Z,0.0,0.0,0.004
2024-04-17T00:45:00Z,0.0,0.0,0.0
2024-04-17T01:00:00Z,0.0,0.0,0.004
2024-04-17T01:15:00Z,0.0,0.0,0.0
2024-04-17T01:30:00Z,0.0,0.0,0.0
2024-04-17T01:45:00Z,0.0,0.0,0.0039999999981372
2024-04-17T02:00:00Z,0.0,0.0,0.0
2024-04-17T02:15:00Z,0.0,0.0,0.0
2024-04-17T02:30:00Z,0.0,0.0,0.0
2024-04-17T02:45:00Z,0.0,0.0,0.004
2024-04-17T03:00:00Z,0.0,0.0,0.0
2024-04-17T03:15:00Z,0.0,0.0,0.0
2024-04-17T03:30:00Z,0.0,0.0,0.0
2024-04-17T03:45:00Z,0.0,0.0,0.0
2024-04-17T04:00:00Z,0.0,0.0,0.0
2024-04-17T04:15:00Z,0.0,0.0,0.0040000000018624
2024-04-17T04:30:00Z,0.0,0.22,0.0
2024-04-17T04:45:00Z,0.0,0.232,0.0
2024-04-17T05:00:00Z,0.0,0.22,0.0
2024-04-17T05:15:00Z,0.0,0.156,0.0
2024-04-17T05:30:00Z,0.0,0.164,0.0
2024-04-17T05:45:00Z,0.0,0.092,0.0
2024-04-17T06:00:00Z,0.0,0.004,0.0
2024-04-17T06:15:00Z,0.0,0.0,0.0
2024-04-17T06:30:00Z,0.0,0.0,0.0
2024-04-17T06:45:00Z,0.0,0.0,0.0
2024-04-17T07:00:00Z,0.0,0.0,0.0
2024-04-17T07:15:00Z,0.0,0.012,0.0
2024-04-17T07:30:00Z,0.0,0.116,0.0
2024-04-17T07:45:00Z,0.0,0.012,0.012
2024-04-17T08:00:00Z,0.0,0.0,0.0
2024-04-17T08:15:00Z,0.0,0.0,0.0040000000018624
2024-04-17T08:30:00Z,0.0,0.0,0.0
2024-04-17T08:45:00Z,0.0,0.0,0.0
2024-04-17T09:00:00Z,0.0,0.0,0.0039999999981372
2024-04-17T09:15:00Z,0.0,0.0,0.0
2024-04-17T09:30:00Z,0.0,0.0,0.0040000000018624
2024-04-17T09:45:00Z,0.0,0.0,0.0
2024-04-17T10:00:00Z,0.0,0.0,0.0
2024-04-17T10:15:00Z,0.0,0.0,0.0039999999981372
2024-04-17T10:30:00Z,0.0,0.0,0.0
2024-04-17T10:45:00Z,0.0,0.0,0.004
2024-04-17T11:00:00Z,0.0,0.0,0.0
2024-04-17T11:15:00Z,0.0,0.0,0.004
2024-04-17T11:30:00Z,0.0,0.0,0.0
2024-04-17T11:45:00Z,0.0,0.0,0.004
2024-04-17T12:00:00Z,0.0,0.0,0.0
2024-04-17T12:15:00Z,0.0,0.0,0.0040000000018624
2024-04-17T12:30:00Z,0.0,0.0,0.0
2024-04-17T12:45:00Z,0.0,0.0,0.0039999999981372
2024-04-17T13:00:00Z,0.0,0.004,0.0040000000018624
2024-04-17T13:15:00Z,0.0,0.0,0.0
2024-04-17T13:30:00Z,0.0,0.0,0.0039999999981372
2024-04-17T13:45:00Z,0.0,0.0,0.0
2024-04-17T14:00:00Z,3.259728620992252,0.86,0.0
2024-04-17T14:15:00Z,1.1742903496296295,1.708,0.0
2024-04-17T14:30:00Z,1.6466307365925934,1.3560000000009311,0.0
2024-04-17T14:45:00Z,-0.11997900655811489,0.5,0.016
2024-05-07T15:00:00Z,-1.3011553692736022,0.0,1.2960000000018623
2024-05-07T15:15:00Z,-1.1069379999999993,0.0,1.104
2024-05-07T15:30:00Z,-0.9976704444444449,0.0,0.996
2024-05-07T15:45:00Z,-0.8848860555555558,0.0,0.8840000000018624
2024-05-07T16:00:00Z,-0.7969222222222223,0.0,0.7919999999962744
2024-05-07T16:15:00Z,-0.07484688888888891,0.0639999999990684,0.3240000000018624
2024-05-07T16:30:00Z,-0.5978305185185184,0.0,0.196
2024-05-07T16:45:00Z,-0.48214140740740763,0.0,0.4759999999981372
2024-05-07T17:00:00Z,-0.2922063703703711,0.004,0.308
2024-05-07T17:15:00Z,-0.11935079259259246,0.0,0.1200000000037252
2024-05-07T17:30:00Z,0.0,0.0,0.0039999999962744
2024-05-07T17:45:00Z,0.0,0.0,0.0
2024-05-07T18:00:00Z,0.0,0.0,0.0040000000018624
2024-05-07T18:15:00Z,0.0,0.0,0.0
2024-05-07T18:30:00Z,0.0,0.0,0.0
2024-05-07T18:45:00Z,0.0,0.008,0.004
2024-05-07T19:00:00Z,0.0,0.0,0.0079999999981372
2024-05-07T19:15:00Z,0.0,0.0,0.0040000000018624
2024-05-07T19:30:00Z,0.0,0.0,0.0
2024-05-07T19:45:00Z,0.0,0.0,0.0
2024-05-07T20:00:00Z,0.0,0.0,0.004
2024-05-07T20:15:00Z,0.0,0.0,0.0
2024-05-07T20:30:00Z,0.0,0.0,0.004
2024-05-07T20:45:00Z,0.0,0.0,0.0
2024-05-07T21:00:00Z,0.0,0.0040000000009312,0.0
2024-05-07T21:15:00Z,0.0,0.0,0.004
2024-05-07T21:30:00Z,0.0,0.0,0.0
2024-05-07T21:45:00Z,0.0,0.0,0.0
2024-05-07T22:00:00Z,0.0,0.0,0.004
2024-05-07T22:15:00Z,0.0,0.0,0.0
2024-05-07T22:30:00Z,0.0,0.0,0.004
2024-05-07T22:45:00Z,0.0,0.0,0.0
2024-05-07T23:00:00Z,0.0,0.0,0.0
2024-05-07T23:15:00Z,0.0,0.0,0.004
2024-05-07T23:30:00Z,0.0,0.0039999999990684,0.0
2024-05-07T23:45:00Z,0.0,0.0040000000009312,0.0
2024-05-08T00:00:00Z,0.0,0.0,0.0
2024-05-08T00:15:00Z,0.0,0.0,0.0
2024-05-08T00:30:00Z,0.0,0.0,0.0
2024-05-08T00:45:00Z,0.0,0.0,0.0
2024-05-08T01:00:00Z,0.0,0.0,0.0040000000018624
2024-05-08T01:15:00Z,0.0,0.0,0.0
2024-05-08T01:30:00Z,0.0,0.0,0.0
2024-05-08T01:45:00Z,0.0,0.0,0.0039999999981372
2024-05-08T02:00:00Z,0.0,0.0,0.0
2024-05-08T02:15:00Z,0.0,0.0039999999990684,0.0
2024-05-08T02:30:00Z,0.0,0.0,0.0
2024-05-08T02:45:00Z,0.0,0.0,0.004
2024-05-08T03:00:00Z,0.0,0.0,0.0
2024-05-08T03:15:00Z,0.0,0.0,0.0
2024-05-08T03:30:00Z,0.0,0.0,0.0
2024-05-08T03:45:00Z,0.0,0.0,0.0
2024-05-08T04:00:00Z,0.0,0.0,0.004
2024-05-08T04:15:00Z,0.0,0.0,0.0
2024-05-08T04:30:00Z,0.0,0.0,0.0
2024-05-08T04:45:00Z,0.0,0.0,0.004
2024-05-08T05:00:00Z,0.0,0.0439999999990684,0.0
2024-05-08T05:15:00Z,0.0,1.08,0.0
2024-05-08T05:30:00Z,0.0,0.3720000000018624,0.0
2024-05-08T05:45:00Z,0.0,0.2919999999990684,0.0
2024-05-08T06:00:00Z,0.0,0.304,0.0
2024-05-08T06:15:00Z,0.0036263277663278193,0.292,0.0
2024-05-08T06:30:00Z,0.2695878370370371,0.272,0.0
2024-05-08T06:45:00Z,0.2180364296296295,0.216,0.0
2024-05-08T07:00:00Z,0.1818103856209151,0.184,0.0
2024-05-08T07:15:00Z,0.1573392296296294,0.16,0.0
2024-05-08T07:30:00Z,0.15528840000000071,0.156,0.0
2024-05-08T07:45:00Z,0.06521104444444409,0.064,0.0
2024-05-08T08:00:00Z,0.049538377777778086,0.048,0.0
2024-05-08T08:15:00Z,0.03297251111111138,0.04,0.0
2024-05-08T08:30:00Z,0.14463315555555534,0.148,0.0
2024-05-08T08:45:00Z,0.12248194814814761,0.128,0.0
2024-05-08T09:00:00Z,0.09532439999999992,0.096,0.0
2024-05-08T09:15:00Z,0.0,0.016,0.0
2024-05-08T09:30:00Z,0.0,0.0,0.0
2024-05-08T09:45:00Z,0.0,0.0,0.0
2024-05-08T10:00:00Z,0.0,0.0,0.0
2024-05-08T10:15:00Z,0.0,0.0,0.004
2024-05-08T10:30:00Z,0.0,0.0,0.0
2024-05-08T10:45:00Z,0.0,0.0,0.004
2024-05-08T11:00:00Z,0.0,0.0,0.0
2024-05-08T11:15:00Z,0.0,0.0,0.0
2024-05-08T11:30:00Z,0.0,0.0,0.0
2024-05-08T11:45:00Z,0.0,0.0,0.0040000000018624
2024-05-08T12:00:00Z,0.0,0.0,0.0
2024-05-08T12:15:00Z,0.0,0.0159999999990684,0.0119999999981372
2024-05-08T12:30:00Z,3.1959444379827966,0.0,0.0
2024-05-08T12:45:00Z,1.4302915302222212,0.6440000000009312,0.0040000000018624
2024-05-08T13:00:00Z,2.2110438795555583,1.2720000000009313,0.0
2024-05-08T13:15:00Z,2.1778682942222205,1.6599999999990684,0.0
2024-05-08T13:30:00Z,2.438269366222225,2.3439999999990686,0.0
2024-05-08T13:45:00Z,2.167823503703704,2.0840000000009313,0.0
2024-05-08T14:00:00Z,2.081472295407406,2.0,0.0
2024-05-08T14:15:00Z,1.9260659031111125,1.892,0.0
2024-05-08T14:30:00Z,2.0508714506666657,1.972,0.0
2024-05-08T14:45:00Z,0.8407285317235018,2.344,0.0
2024-05-15T15:00:00Z,3.761522355353089,4.924,0.036
2024-05-15T15:15:00Z,4.319711555555569,5.084,0.0
2024-05-15T15:30:00Z,4.494922518518532,5.076,0.0
2024-05-15T15:45:00Z,6.383171407407421,6.896000000000932,0.0
2024-05-15T16:00:00Z,4.777795333333346,5.275999999999069,0.0
2024-05-15T16:15:00Z,4.574833333333345,5.075999999999069,0.0
2024-05-15T16:30:00Z,7.720058888888904,5.2760000000009315,0.0
2024-05-15T16:45:00Z,7.752392539280675,6.584,0.0
2024-05-15T17:00:00Z,6.773972507153887,6.808,0.0
2024-05-15T17:15:00Z,3.367496857074124,3.524,0.0
2024-05-15T17:30:00Z,0.2582679722222221,0.268,0.0
2024-05-15T17:45:00Z,0.30822591111111153,0.328,0.0
2024-05-15T18:00:00Z,0.7481809555555557,0.768,0.0
2024-05-15T18:15:00Z,0.7867217629629628,0.772,0.0
2024-05-15T18:30:00Z,0.6223196703703705,0.62,0.0
2024-05-15T18:45:00Z,0.5501225133333336,0.556,0.0
2024-05-15T19:00:00Z,0.3369333333333333,0.34,0.0
2024-05-15T19:15:00Z,0.3488188888888888,0.348,0.0
2024-05-15T19:30:00Z,0.3406811111111111,0.3400000000009312,0.0
2024-05-15T19:45:00Z,0.33475,0.3359999999990684,0.0
2024-05-15T20:00:00Z,0.2736955555555555,0.276,0.0
2024-05-15T20:15:00Z,0.2829066666666667,0.284,0.0
2024-05-15T20:30:00Z,0.3289688888888889,0.328,0.0
2024-05-15T20:45:00Z,0.4315922222222222,0.432,0.0
2024-05-15T21:00:00Z,0.3444644444444444,0.348,0.0
2024-05-15T21:15:00Z,0.3170214814814814,0.316,0.0
2024-05-15T21:30:00Z,0.3074318518518519,0.308,0.0
2024-05-15T21:45:00Z,0.2930879732739421,0.292,0.0
2024-05-15T22:00:00Z,0.2510261363636363,0.256,0.0
2024-05-15T22:15:00Z,0.2234366666666666,0.224,0.0
2024-05-15T22:30:00Z,0.2232755555555555,0.22,0.0
2024-05-15T22:45:00Z,0.2756711111111111,0.28,0.0
2024-05-15T23:00:00Z,0.2792566666666666,0.284,0.0
2024-05-15T23:15:00Z,0.3058277777777778,0.304,0.0
2024-05-15T23:30:00Z,0.2985711111111111,0.296,0.0
2024-05-15T23:45:00Z,0.301367037037037,0.304,0.0
2024-05-16T00:00:00Z,0.3204662962962962,0.32,0.0
2024-05-16T00:15:00Z,0.3135555555555555,0.316,0.0
2024-05-16T00:30:00Z,0.2495751851851851,0.256,0.0
2024-05-16T00:45:00Z,0.226927037037037,0.228,0.0
2024-05-16T01:00:00Z,0.2274966666666666,0.228,0.0
2024-05-16T01:15:00Z,0.2875262962962963,0.288,0.0
2024-05-16T01:30:00Z,0.2981592592592593,0.296,0.0
2024-05-16T01:45:00Z,0.2545329629629629,0.248,0.0
2024-05-16T02:00:00Z,0.2662181481481481,0.268,0.0
2024-05-16T02:15:00Z,0.30176,0.304,0.0
2024-05-16T02:30:00Z,0.3174811111111111,0.316,0.0
2024-05-16T02:45:00Z,0.3157111111111111,0.316,0.0
2024-05-16T03:00:00Z,0.2898066666666666,0.292,0.0
2024-05-16T03:15:00Z,0.2231938073394495,0.224,0.0
2024-05-16T03:30:00Z,0.23111003874060457,0.232,0.0
2024-05-16T03:45:00Z,0.3135112284444444,0.704,0.0
2024-05-16T04:00:00Z,0.2851982933333333,0.288,0.0
2024-05-16T04:15:00Z,0.2308488398206879,0.232,0.0
2024-05-16T04:30:00Z,0.2062569711111111,0.208,0.0
2024-05-16T04:45:00Z,0.2534094944444445,0.252,0.0
2024-05-16T05:00:00Z,0.2925988555555557,0.296,0.0
2024-05-16T05:15:00Z,0.6444735500000005,0.644,0.0
2024-05-16T05:30:00Z,0.37363391111111116,0.3800000000009312,0.0
2024-05-16T05:45:00Z,0.2589510277777782,0.26,0.0
2024-05-16T06:00:00Z,0.4578499962962963,0.4479999999990684,0.0
2024-05-16T06:15:00Z,0.32631763703703737,0.332,0.0
2024-05-16T06:30:00Z,0.23896293888888898,0.24,0.0
2024-05-16T06:45:00Z,0.12433866362815121,0.128,0.0
2024-05-16T07:00:00Z,0.122072275925926,0.124,0.0
2024-05-16T07:15:00Z,0.03496435555555549,0.036,0.0
2024-05-16T07:30:00Z,0.0,0.028,0.0
2024-05-16T07:45:00Z,0.0,0.0,0.0
2024-05-16T08:00:00Z,0.0,0.0,0.0039999999981372
2024-05-16T08:15:00Z,0.0,0.0,0.0
2024-05-16T08:30:00Z,0.0,0.0,0.0
2024-05-16T08:45:00Z,0.0,0.0,0.0040000000018624
2024-05-16T09:00:00Z,0.0,0.0,0.0
2024-05-16T09:15:00Z,0.0,0.0,0.0
2024-05-16T09:30:00Z,0.0,0.0,0.0039999999981372
2024-05-16T09:45:00Z,0.0,0.0,0.0
2024-05-16T10:00:00Z,0.0,0.0,0.004
2024-05-16T10:15:00Z,0.0,0.0,0.004
2024-05-16T10:30:00Z,0.0,0.0,0.0
2024-05-16T10:45:00Z,0.0,0.0,0.0
2024-05-16T11:00:00Z,0.0,0.0,0.004
2024-05-16T11:15:00Z,0.0,0.0,0.0
2024-05-16T11:30:00Z,0.0,0.0,0.0
2024-05-16T11:45:00Z,0.0,0.0,0.004
2024-05-16T12:00:00Z,0.0,0.0,0.0
2024-05-16T12:15:00Z,0.0,0.0,0.004
2024-05-16T12:30:00Z,0.0,0.0,0.0
2024-05-16T12:45:00Z,0.0,0.0,0.0
2024-05-16T13:00:00Z,0.0,0.0,0.0040000000018624
2024-05-16T13:15:00Z,0.0,0.0,0.0
2024-05-16T13:30:00Z,0.0,0.0,0.0
2024-05-16T13:45:00Z,0.0,0.0,0.0039999999981372
2024-05-16T14:00:00Z,0.0,0.0,0.036
2024-05-16T14:15:00Z,0.0,0.0,0.0
2024-05-16T14:30:00Z,0.0,0.0,0.872
2024-05-16T14:45:00Z,-0.7939444257195531,0.0,1.432
2024-05-16T15:00:00Z,-0.93748001070485,0.0,0.936
2024-05-16T15:15:00Z,-0.05312395555555538,0.008,0.16
2024-05-16T15:30:00Z,0.0,0.008,0.0
2024-05-16T15:45:00Z,0.0,0.024,0.012
2024-05-16T16:00:00Z,0.0,0.0,0.0
2024-05-16T16:15:00Z,0.0,0.0,0.0040000000018624
2024-05-16T16:30:00Z,0.0,0.0,0.0
2024-05-16T16:45:00Z,0.0,0.012,0.016
2024-05-16T17:00:00Z,0.0,0.016,0.0159999999981372
2024-05-16T17:15:00Z,0.0,0.02,0.004
2024-05-16T17:30:00Z,0.0,0.0,0.012
2024-05-16T17:45:00Z,0.0,0.024,0.008
2024-05-16T18:00:00Z,0.0,0.04,0.016
2024-05-16T18:15:00Z,0.0,0.0,0.0
2024-05-16T18:30:00Z,0.0,0.0,0.004
2024-05-16T18:45:00Z,4.593917000000013,4.848,0.0
2024-05-16T19:00:00Z,4.791501333333345,4.988000000000931,0.0
2024-05-16T19:15:00Z,6.375233523906079,6.815999999999069,0.0
2024-05-16T19:30:00Z,7.795388908222235,7.784,0.0
2024-05-16T19:45:00Z,7.647961140454362,7.644,0.0
2024-05-16T20:00:00Z,6.899189783335148,6.928,0.0
2024-05-16T20:15:00Z,5.378464424375162,5.396,0.0
2024-05-16T20:30:00Z,4.221470780810686,4.224,0.0
2024-05-16T20:45:00Z,3.254541594243618,3.248,0.0
2024-05-16T21:00:00Z,2.5435198953607188,2.548,0.0
2024-05-16T21:15:00Z,2.1569848214916503,2.172,0.0
2024-05-16T21:30:00Z,1.76976763598332,1.768,0.0
2024-05-16T21:45:00Z,1.2664853625417727,1.272,0.0
2024-05-16T22:00:00Z,0.2549266666666667,0.256,0.0
2024-05-16T22:15:00Z,0.3068466666666667,0.304,0.0
2024-05-16T22:30:00Z,0.3262633333333333,0.328,0.0
2024-05-16T22:45:00Z,0.3271655555555555,0.328,0.0
2024-05-16T23:00:00Z,0.3139088888888889,0.316,0.0
2024-05-16T23:15:00Z,0.2344533333333333,0.232,0.0
2024-05-16T23:30:00Z,0.2379144444444444,0.24,0.0
2024-05-16T23:45:00Z,0.2918322222222222,0.292,0.0
2024-05-17T00:00:00Z,0.2586351851851851,0.26,0.0
2024-05-17T00:15:00Z,0.2175492592592592,0.2200000000009312,0.0
2024-05-17T00:30:00Z,0.2106944444444444,0.2079999999990684,0.0
2024-05-17T00:45:00Z,0.2541844444444444,0.256,0.0
2024-05-17T01:00:00Z,0.3181933333333333,0.32,0.0
2024-05-17T01:15:00Z,0.3075003703703703,0.308,0.0
2024-05-17T01:30:00Z,0.2975696296296296,0.296,0.0
2024-05-17T01:45:00Z,0.2939811111111111,0.296,0.0
2024-05-17T02:00:00Z,0.2225844444444444,0.224,0.0
2024-05-17T02:15:00Z,0.2536966666666667,0.252,0.0
2024-05-17T02:30:00Z,0.2432344444444444,0.244,0.0
2024-05-17T02:45:00Z,0.2048133333333333,0.208,0.0
2024-05-17T03:00:00Z,0.2131344444444444,0.212,0.0
2024-05-17T03:15:00Z,0.2523999571550985,0.256,0.0
2024-05-17T03:30:00Z,0.3072992592592592,0.304,0.0
2024-05-17T03:45:00Z,0.3178207407407407,0.32,0.0
2024-05-17T04:00:00Z,0.3208022222222222,0.32,0.0
2024-05-17T04:15:00Z,0.2918985185185185,0.292,0.0
2024-05-17T04:30:00Z,0.3467041266503707,0.348,0.0
2024-05-17T04:45:00Z,1.3389635176890848,1.328,0.0
2024-05-17T05:00:00Z,0.3990265333333336,0.3959999999990684,0.0
2024-05-17T05:15:00Z,0.7710367555555555,0.776,0.0
2024-05-17T05:30:00Z,0.30821710370370364,0.312,0.0
2024-05-17T05:45:00Z,0.016567896296296403,0.028,0.0
2024-05-17T06:00:00Z,0.0,0.1280000000009312,0.0
2024-05-17T06:15:00Z,0.0,0.0,0.0
2024-05-17T06:30:00Z,0.0,0.016,0.0
2024-05-17T06:45:00Z,0.0,0.0,0.0
2024-05-17T07:00:00Z,0.0,0.0,0.0
2024-05-17T07:15:00Z,0.0,0.0,0.0040000000018624
2024-05-17T07:30:00Z,0.0,0.0,0.0
2024-05-17T07:45:00Z,0.0,0.0,0.0
2024-05-17T08:00:00Z,0.0,0.0,0.0039999999981372
2024-05-17T08:15:00Z,0.0,0.0,0.0
2024-05-17T08:30:00Z,0.0,0.0,0.0040000000018624
2024-05-17T08:45:00Z,0.0,0.0,0.0
2024-05-17T09:00:00Z,0.0,0.0,0.0
2024-05-17T09:15:00Z,0.0,0.0,0.0039999999981372
2024-05-17T09:30:00Z,0.0,0.0,0.0
2024-05-17T09:45:00Z,0.0,0.0,0.0040000000018624
2024-05-17T10:00:00Z,0.0,0.0,0.0
2024-05-17T10:15:00Z,0.0,0.0,0.0039999999981372
2024-05-17T10:30:00Z,0.0,0.0,0.0
2024-05-17T10:45:00Z,0.0,0.0,0.004
2024-05-17T11:00:00Z,0.0,0.0,0.0
2024-05-17T11:15:00Z,0.0,0.0,0.004
2024-05-17T11:30:00Z,0.0,0.0,0.0
2024-05-17T11:45:00Z,0.0,0.0,0.004
2024-05-17T12:00:00Z,0.0,0.0,0.0
2024-05-17T12:15:00Z,0.0,0.0,0.0
2024-05-17T12:30:00Z,0.0,0.0,0.0040000000018624
2024-05-17T12:45:00Z,0.0,0.0,0.0
2024-05-17T13:00:00Z,0.0,0.0,0.0
2024-05-17T13:15:00Z,0.0,0.0,0.0039999999981372
2024-05-17T13:30:00Z,0.0,0.0,0.0
2024-05-17T13:45:00Z,0.0,0.0,0.0
2024-05-17T14:00:00Z,0.0,0.0040000000009312,0.0040000000018624
2024-05-17T14:15:00Z,0.0,0.0039999999990684,0.0159999999981372
2024-05-17T14:30:00Z,0.2897951374603304,0.0,0.0
2024-05-17T14:45:00Z,1.6173257699814803,0.3199999999990684,0.0
2024-06-03T15:00:00Z,0.0,0.036,0.0200000000018624
2024-06-03T15:15:00Z,-0.13958292740923794,0.0,0.0239999999962744
2024-06-03T15:30:00Z,0.0,0.012,0.1440000000018624
2024-06-03T15:45:00Z,0.0,0.668,0.0280000000018624
2024-06-03T16:00:00Z,0.0,0.0,0.0
2024-06-03T16:15:00Z,0.0,0.0,0.0039999999962744
2024-06-03T16:30:00Z,0.0,0.0,0.0040000000018624
2024-06-03T16:45:00Z,0.0,0.0,0.0
2024-06-03T17:00:00Z,0.0,0.032,0.024
2024-06-03T17:15:00Z,0.0,0.108,0.0920000000018624
2024-06-03T17:30:00Z,0.0,0.08,0.0959999999962744
2024-06-03T17:45:00Z,0.0,0.104,0.1000000000018624
2024-06-03T18:00:00Z,0.0,0.052,0.0599999999981372
2024-06-03T18:15:00Z,0.0,0.0,0.0
2024-06-03T18:30:00Z,0.0,0.0,0.0040000000018624
2024-06-03T18:45:00Z,0.0,0.0,0.0
2024-06-03T19:00:00Z,0.0,0.0,0.0
2024-06-03T19:15:00Z,0.0,0.0,0.004
2024-06-03T19:30:00Z,0.0,0.0,0.0
2024-06-03T19:45:00Z,0.0,0.0,0.0040000000018624
2024-06-03T20:00:00Z,0.0,0.0,0.0
2024-06-03T20:15:00Z,0.0,0.0,0.0039999999981372
2024-06-03T20:30:00Z,0.0,0.0,0.0
2024-06-03T20:45:00Z,0.0,0.0,0.0
2024-06-03T21:00:00Z,0.0,0.0,0.0039999999981372
2024-06-03T21:15:00Z,4.717847785185198,4.904,0.0
2024-06-03T21:30:00Z,4.795750296296309,4.976,0.0
2024-06-03T21:45:00Z,4.857935925925939,5.044,0.0
2024-06-03T22:00:00Z,6.831570102874087,7.144,0.0
2024-06-03T22:15:00Z,7.770044074074087,7.768,0.0
2024-06-03T22:30:00Z,7.769474074074087,7.776,0.0
2024-06-03T22:45:00Z,7.793285925925939,7.824,0.0
2024-06-03T23:00:00Z,7.249467886305884,7.264,0.0
2024-06-03T23:15:00Z,5.64012482741924,5.631999999998137,0.0
2024-06-03T23:30:00Z,4.545850498048514,4.568000000001863,0.0
2024-06-03T23:45:00Z,3.502254952564727,3.516,0.0
2024-06-04T00:00:00Z,2.787769105825489,2.78,0.0
2024-06-04T00:15:00Z,2.3387982712366577,2.352,0.0
2024-06-04T00:30:00Z,1.9548250763166015,1.96,0.0
2024-06-04T00:45:00Z,1.5751436368440563,1.572,0.0
2024-06-04T01:00:00Z,0.3919118857896065,0.408,0.0
2024-06-04T01:15:00Z,0.2993355555555556,0.3,0.0
2024-06-04T01:30:00Z,0.3150688888888888,0.316,0.0
2024-06-04T01:45:00Z,0.3258533333333333,0.328,0.0
2024-06-04T02:00:00Z,0.32089,0.32,0.0
2024-06-04T02:15:00Z,0.3075588888888889,0.308,0.0
2024-06-04T02:30:00Z,0.3055844444444444,0.308,0.0
2024-06-04T02:45:00Z,0.3174388888888889,0.316,0.0
2024-06-04T03:00:00Z,0.3224688888888889,0.32,0.0
2024-06-04T03:15:00Z,0.3176087193190816,0.32,0.0
2024-06-04T03:30:00Z,0.2884503703703703,0.292,0.0
2024-06-04T03:45:00Z,0.2989577777777777,0.2959999999981372,0.0
2024-06-04T04:00:00Z,0.3050559259259259,0.3080000000018624,0.0
2024-06-04T04:15:00Z,0.2851593392888888,0.284,0.0
2024-06-04T04:30:00Z,0.2552200222222222,0.256,0.0
2024-06-04T04:45:00Z,0.4201002074074073,0.42,0.0
2024-06-04T05:00:00Z,0.382228555555555,0.38,0.0
2024-06-04T05:15:00Z,0.09568722222222201,0.096,0.0
2024-06-04T05:30:00Z,0.0412806444444444,0.04,0.0
2024-06-04T05:45:00Z,0.03629834074074051,0.036,0.0
2024-06-04T06:00:00Z,0.0,0.0,0.0
2024-06-04T06:15:00Z,0.0,0.0,0.0
2024-06-04T06:30:00Z,0.0,0.0,0.0
2024-06-04T06:45:00Z,0.0,0.008,0.0
2024-06-04T07:00:00Z,0.0,0.0,0.0
2024-06-04T07:15:00Z,0.0,0.0,0.0
2024-06-04T07:30:00Z,0.0,0.088,0.0
2024-06-04T07:45:00Z,0.0,0.0,0.0
2024-06-04T08:00:00Z,0.0,0.0,0.0
2024-06-04T08:15:00Z,0.0,0.0,0.0040000000018624
2024-06-04T08:30:00Z,0.0,0.0,0.0
2024-06-04T08:45:00Z,0.0,0.0,0.004
2024-06-04T09:00:00Z,0.0,0.0,0.0
2024-06-04T09:15:00Z,0.0,0.0,0.0
2024-06-04T09:30:00Z,0.0,0.0,0.0040000000018624
2024-06-04T09:45:00Z,0.0,0.0,0.0
2024-06-04T10:00:00Z,0.0,0.0,0.0
2024-06-04T10:15:00Z,0.0,0.0,0.0039999999962744
2024-06-04T10:30:00Z,0.0,0.0,0.0
2024-06-04T10:45:00Z,0.0,0.0,0.0040000000018624
2024-06-04T11:00:00Z,0.0,0.0,0.0
2024-06-04T11:15:00Z,0.0,0.0,0.004
2024-06-04T11:30:00Z,0.0,0.0,0.0
2024-06-04T11:45:00Z,0.0,0.0,0.0040000000018624
2024-06-04T12:00:00Z,0.0,0.0,0.0
2024-06-04T12:15:00Z,0.0,0.0,0.0039999999962744
2024-06-04T12:30:00Z,0.0,0.0,0.0
2024-06-04T12:45:00Z,0.0,0.0,0.0
2024-06-04T13:00:00Z,0.0,0.0,0.0040000000018624
2024-06-04T13:15:00Z,0.0,0.0,0.0
2024-06-04T13:30:00Z,0.0,0.0,0.0
2024-06-04T13:45:00Z,0.0,0.0,0.272
2024-06-04T14:00:00Z,0.0,0.0,1.0119999999981373
2024-06-04T14:15:00Z,-0.13577366378401323,0.0,1.2400000000018627
2024-06-04T14:30:00Z,-0.6063544444444451,0.0,0.604
2024-06-04T14:45:00Z,-0.7784447870370371,0.0,0.7760000000018624
2024-06-06T15:00:00Z,0.0,0.036,0.1760000000018624
2024-06-06T15:15:00Z,0.0,0.0,0.0119999999981372
2024-06-06T15:30:00Z,0.0,0.0,0.0
2024-06-06T15:45:00Z,0.0,0.0,0.004
2024-06-06T16:00:00Z,0.0,0.0,0.0
2024-06-06T16:15:00Z,0.0,0.0,0.004
2024-06-06T16:30:00Z,0.0,0.0,0.0
2024-06-06T16:45:00Z,1.604176314619893,3.192,0.0160000000018624
2024-06-06T17:00:00Z,0.0,0.0,0.0039999999981372
2024-06-06T17:15:00Z,0.0,0.0,0.0
2024-06-06T17:30:00Z,0.0,0.0,0.004
2024-06-06T17:45:00Z,0.0,0.0,0.0
2024-06-06T18:00:00Z,0.0,0.0,0.004
2024-06-06T18:15:00Z,0.0,0.0,0.0
2024-06-06T18:30:00Z,0.0,0.0,0.0
2024-06-06T18:45:00Z,0.0,0.0,0.004
2024-06-06T19:00:00Z,0.0,0.0,0.0
2024-06-06T19:15:00Z,0.0,0.0,0.004
2024-06-06T19:30:00Z,0.0,0.0,0.0
2024-06-06T19:45:00Z,0.0,0.0,0.0039999999981372
2024-06-06T20:00:00Z,0.0,0.0,0.0
2024-06-06T20:15:00Z,0.0,0.0,0.0040000000018624
2024-06-06T20:30:00Z,0.0,0.0,0.0
2024-06-06T20:45:00Z,0.0,0.0,0.004
2024-06-06T21:00:00Z,0.0,0.0,0.0
2024-06-06T21:15:00Z,3.8037225040935545,4.344,0.004
2024-06-06T21:30:00Z,0.0,0.0,0.0
2024-06-06T21:45:00Z,0.0,0.0,0.0
2024-06-06T22:00:00Z,0.0,0.0,0.0
2024-06-06T22:15:00Z,0.0,0.0,0.0039999999981372
2024-06-06T22:30:00Z,0.0,0.0,0.0
2024-06-06T22:45:00Z,0.0,0.0,0.0040000000018624
2024-06-06T23:00:00Z,4.74039798740742,4.948,0.0
2024-06-06T23:15:00Z,6.4878082964715444,6.18,0.0
2024-06-06T23:30:00Z,7.8660413812352425,7.884,0.0
2024-06-06T23:45:00Z,7.595017777777791,7.596,0.0
2024-06-07T00:00:00Z,7.614560000000012,7.588,0.0
2024-06-07T00:15:00Z,7.539586495951413,7.548,0.0
2024-06-07T00:30:00Z,6.371035204072413,6.396,0.0
2024-06-07T00:45:00Z,5.02181663195265,5.044,0.0
2024-06-07T01:00:00Z,3.9248180782445,3.908,0.0
2024-06-07T01:15:00Z,2.9741103374823172,2.996,0.0
2024-06-07T01:30:00Z,1.0753360008346755,1.084,0.0
2024-06-07T01:45:00Z,0.2567044444444444,0.256,0.0
2024-06-07T02:00:00Z,0.2578477777777778,0.26,0.0
2024-06-07T02:15:00Z,0.2263148148148148,0.224,0.0
2024-06-07T02:30:00Z,0.2087555555555555,0.208,0.0
2024-06-07T02:45:00Z,0.2183940740740741,0.22,0.0
2024-06-07T03:00:00Z,0.2487281553398058,0.252,0.0
2024-06-07T03:15:00Z,0.2675628078817734,0.268,0.0
2024-06-07T03:30:00Z,0.2883344444444444,0.288,0.0
2024-06-07T03:45:00Z,0.2820744444444444,0.284,0.0
2024-06-07T04:00:00Z,0.2908502400983702,0.288,0.0
2024-06-07T04:15:00Z,0.29210087851851874,0.296,0.0
2024-06-07T04:30:00Z,0.23654205925925897,0.236,0.0
2024-06-07T04:45:00Z,0.5253767407407411,0.52,0.0
2024-06-07T05:00:00Z,0.17255331111111108,0.168,0.0
2024-06-07T05:15:00Z,0.2265266962962963,0.224,0.0
2024-06-07T05:30:00Z,0.04225530370370373,0.048,0.0
2024-06-07T05:45:00Z,0.0,0.0,0.0
2024-06-07T06:00:00Z,0.0,0.0,0.0
2024-06-07T06:15:00Z,0.0,0.0,0.0
2024-06-07T06:30:00Z,0.0,0.0,0.0
2024-06-07T06:45:00Z,0.0,0.0,0.004
2024-06-07T07:00:00Z,0.0,0.0,0.0
2024-06-07T07:15:00Z,0.0,0.0,0.0039999999981372
2024-06-07T07:30:00Z,0.0,0.0,0.0
2024-06-07T07:45:00Z,0.0,0.0,0.0
2024-06-07T08:00:00Z,0.0,0.0,0.0040000000018624
2024-06-07T08:15:00Z,0.0,0.0,0.0
2024-06-07T08:30:00Z,0.0,0.0,0.004
2024-06-07T08:45:00Z,0.0,0.0,0.0
2024-06-07T09:00:00Z,0.0,0.0,0.004
2024-06-07T09:15:00Z,0.0,0.0,0.0
2024-06-07T09:30:00Z,0.0,0.0,0.0
2024-06-07T09:45:00Z,0.0,0.0,0.004
2024-06-07T10:00:00Z,0.0,0.0,0.0
2024-06-07T10:15:00Z,0.0,0.0,0.004
2024-06-07T10:30:00Z,0.0,0.0,0.0
2024-06-07T10:45:00Z,0.0,0.0,0.512
2024-06-07T11:00:00Z,0.0,0.0,1.6
2024-06-07T11:15:00Z,-0.992680307602337,0.0,1.768
2024-06-07T11:30:00Z,-1.5468719555555552,0.0,1.544
2024-06-07T11:45:00Z,-1.2730213133382824,0.0,1.272
2024-06-07T12:00:00Z,-1.4740347079365073,0.0,1.464
2024-06-07T12:15:00Z,-1.1460946947845796,0.0,1.14
2024-06-07T12:30:00Z,-1.9353195555555567,0.0,1.932
2024-06-07T12:45:00Z,-1.8205170370370383,0.0,1.808
2024-06-07T13:00:00Z,-1.520913362962962,0.0,1.528
2024-06-07T13:15:00Z,-1.6301606000000002,0.0,1.628
2024-06-07T13:30:00Z,-1.5043888888888883,0.0,1.504
2024-06-07T13:45:00Z,-0.4005270888888883,0.0,0.3959999999981372
2024-06-07T14:00:00Z,-0.934617555555556,0.0,0.9240000000018624
2024-06-07T14:15:00Z,-0.61255051111111,0.0,0.616
2024-06-07T14:30:00Z,-0.7380990666666665,0.0,0.74
2024-06-07T14:45:00Z,-0.9273155698924729,0.0,0.924
2024-06-07T15:00:00Z,-0.35179047734750685,0.0,0.348
2024-06-07T15:15:00Z,-0.8659522222222216,0.0,0.864
2024-06-07T15:30:00Z,-0.29565884444444474,0.0,0.292
2024-06-07T15:45:00Z,0.0,0.136,0.1
2024-06-07T16:00:00Z,0.0,0.0,0.0039999999981372
2024-06-07T16:15:00Z,0.0,0.02,0.0040000000018624
2024-06-07T16:30:00Z,0.0,0.0,0.008
2024-06-07T16:45:00Z,0.0,0.004,0.004
2024-06-07T17:00:00Z,0.0,0.0,0.004
2024-06-07T17:15:00Z,0.0,0.0,0.0
2024-06-07T17:30:00Z,0.0,0.004,0.0
2024-06-07T17:45:00Z,0.0,0.0,0.004
2024-06-07T18:00:00Z,0.0,0.032,0.024
2024-06-07T18:15:00Z,0.0,0.0,0.0
2024-06-07T18:30:00Z,0.0,0.0,0.004
2024-06-07T18:45:00Z,0.0,0.0,0.0
2024-06-07T19:00:00Z,0.0,0.008,0.004
2024-06-07T19:15:00Z,0.0,0.0,0.012
2024-06-07T19:30:00Z,0.0,0.0,0.0
2024-06-07T19:45:00Z,0.0,0.0,0.0039999999981372
2024-06-07T20:00:00Z,0.0,0.0,0.0
2024-06-07T20:15:00Z,0.0,0.0,0.004
2024-06-07T20:30:00Z,0.0,0.0,0.0
2024-06-07T20:45:00Z,0.0,0.0,0.004
2024-06-07T21:00:00Z,0.0,0.0,0.0
2024-06-07T21:15:00Z,0.0,0.0,0.0
2024-06-07T21:30:00Z,0.0,0.0,0.0040000000018624
2024-06-07T21:45:00Z,0.0,0.0,0.004
2024-06-07T22:00:00Z,0.0,0.0,0.0
2024-06-07T22:15:00Z,0.0,0.004,0.0
2024-06-07T22:30:00Z,0.0,0.0,0.0
2024-06-07T22:45:00Z,0.0,0.0,0.004
2024-06-07T23:00:00Z,0.0,0.0,0.0
2024-06-07T23:15:00Z,0.0,0.0,0.0
2024-06-07T23:30:00Z,0.0,0.0,0.0039999999981372
2024-06-07T23:45:00Z,0.0,0.0,0.0
2024-06-08T00:00:00Z,0.0,0.0,0.0040000000018624
2024-06-08T00:15:00Z,0.0,0.0,0.0
2024-06-08T00:30:00Z,0.0,0.0,0.0
2024-06-08T00:45:00Z,0.0,0.0,0.004
2024-06-08T01:00:00Z,0.0,0.0,0.0
2024-06-08T01:15:00Z,0.0,0.0,0.0039999999981372
2024-06-08T01:30:00Z,0.0,0.0,0.0
2024-06-08T01:45:00Z,0.0,0.0,0.004
2024-06-08T02:00:00Z,0.0,0.0,0.0
2024-06-08T02:15:00Z,0.0,0.0,0.0
2024-06-08T02:30:00Z,0.0,0.0,0.004
2024-06-08T02:45:00Z,0.0,0.0,0.0
2024-06-08T03:00:00Z,0.0,0.0,0.0040000000018624
2024-06-08T03:15:00Z,0.0,0.0,0.0
2024-06-08T03:30:00Z,0.0,0.0,0.004
2024-06-08T03:45:00Z,0.0,0.0,0.0
2024-06-08T04:00:00Z,0.0,0.016,0.004
2024-06-08T04:15:00Z,0.0,0.192,0.0
2024-06-08T04:30:00Z,0.0,0.224,0.0
2024-06-08T04:45:00Z,0.0,0.172,0.0
2024-06-08T05:00:00Z,0.0,0.16,0.0
2024-06-08T05:15:00Z,0.0,0.096,0.0
2024-06-08T05:30:00Z,0.0,0.024,0.0
2024-06-08T05:45:00Z,0.0,0.012,0.0
2024-06-08T06:00:00Z,0.0,0.0,0.0
2024-06-08T06:15:00Z,1.3893645190028416,1.736,0.0
2024-06-08T06:30:00Z,2.0700851703703735,2.072,0.0
2024-06-08T06:45:00Z,0.5450308740740745,0.7,0.0
2024-06-08T07:00:00Z,7.126401400000013,7.132,0.0
2024-06-08T07:15:00Z,7.051160511111124,7.052,0.0
2024-06-08T07:30:00Z,6.891682444444457,6.928,0.0
2024-06-08T07:45:00Z,8.7,8.228,0.0
2024-06-08T08:00:00Z,8.7,9.24,0.0
2024-06-08T08:15:00Z,8.7,9.036,0.0
2024-06-08T08:30:00Z,8.285145000747464,7.996,0.0
2024-06-08T08:45:00Z,6.917862489539047,6.964,0.0
2024-06-08T09:00:00Z,4.910532803568726,4.968,0.0
2024-06-08T09:15:00Z,0.8222503318757061,1.508,0.0039999999981372
2024-06-08T09:30:00Z,0.0,0.0,0.0
2024-06-08T09:45:00Z,0.0,0.0,0.0040000000018624
2024-06-08T10:00:00Z,0.0,0.0,0.0
2024-06-08T10:15:00Z,0.0,0.0,0.0
2024-06-08T10:30:00Z,0.0,0.02,0.0119999999981372
2024-06-08T10:45:00Z,0.0,0.0,0.0
2024-06-08T11:00:00Z,0.0,0.0,0.004
2024-06-08T11:15:00Z,0.0,0.0,0.0
2024-06-08T11:30:00Z,0.0,0.0,0.0
2024-06-08T11:45:00Z,0.0,0.0,0.0040000000018624
2024-06-08T12:00:00Z,0.0,0.0,0.0
2024-06-08T12:15:00Z,0.0,0.0,0.0
2024-06-08T12:30:00Z,0.0,0.0,0.004
2024-06-08T12:45:00Z,0.0,0.0,0.0
2024-06-08T13:00:00Z,0.0,0.0,0.004
2024-06-08T13:15:00Z,0.0,0.0,0.0
2024-06-08T13:30:00Z,1.3525375624587934,0.0,0.0039999999981372
2024-06-08T13:45:00Z,1.4129693902222227,0.0,0.0
2024-06-08T14:00:00Z,1.881706860444445,1.072,0.0040000000018624
2024-06-08T14:15:00Z,1.9068952568888875,1.824,0.0
2024-06-08T14:30:00Z,1.9043436488888892,1.896,0.0
2024-06-08T14:45:00Z,0.7416679743164363,1.352,0.028
2024-06-08T15:00:00Z,-0.1820779676933304,0.0,0.1839999999981372
2024-06-08T15:15:00Z,-0.012236207407407496,0.0,0.0560000000018624
2024-06-08T15:30:00Z,0.0,0.008,0.0
2024-06-08T15:45:00Z,0.0,0.24,0.02
2024-06-08T16:00:00Z,0.0,0.0,0.0039999999981372
2024-06-08T16:15:00Z,0.0,0.0,0.0
2024-06-08T16:30:00Z,0.0,0.0,0.0040000000018624
2024-06-08T16:45:00Z,0.0,0.0,0.0
2024-06-08T17:00:00Z,0.0,0.0,0.0039999999981372
2024-06-08T17:15:00Z,0.0,0.02,0.0240000000018624
2024-06-08T17:30:00Z,0.0,0.176,0.132
2024-06-08T17:45:00Z,0.0,0.088,0.0759999999981372
2024-06-08T18:00:00Z,0.0,0.128,0.1120000000018624
2024-06-08T18:15:00Z,0.0,0.032,0.036
2024-06-08T18:30:00Z,0.0,0.0,0.0
2024-06-08T18:45:00Z,0.0,0.0,0.0
2024-06-08T19:00:00Z,0.0,0.0,0.0
2024-06-08T19:15:00Z,0.0,0.0,0.004
2024-06-08T19:30:00Z,0.0,0.0,0.0
2024-06-08T19:45:00Z,0.0,0.0,0.004
2024-06-08T20:00:00Z,0.0,0.0,0.0
2024-06-08T20:15:00Z,0.0,0.0,0.0
2024-06-08T20:30:00Z,0.0,0.0,0.0039999999981372
2024-06-08T20:45:00Z,0.0,0.0,0.0
2024-06-08T21:00:00Z,0.0,0.0,0.0040000000018624
2024-06-08T21:15:00Z,0.0,0.0,0.0
2024-06-08T21:30:00Z,0.0,0.0,0.004
2024-06-08T21:45:00Z,0.0,0.0,0.0
2024-06-08T22:00:00Z,0.0,0.0,0.0
2024-06-08T22:15:00Z,0.0,0.0,0.0039999999981372
2024-06-08T22:30:00Z,0.0,0.0,0.0
2024-06-08T22:45:00Z,0.0,0.0,0.0
2024-06-08T23:00:00Z,0.0,0.0,0.004
2024-06-08T23:15:00Z,0.0,0.0,0.0
2024-06-08T23:30:00Z,0.0,0.0,0.0
2024-06-08T23:45:00Z,0.0,0.0,0.004
2024-06-09T00:00:00Z,0.0,0.0,0.0
2024-06-09T00:15:00Z,0.0,0.0,0.0040000000018624
2024-06-09T00:30:00Z,0.0,0.0,0.0
2024-06-09T00:45:00Z,0.0,0.0,0.0
2024-06-09T01:00:00Z,0.0,0.0,0.004
2024-06-09T01:15:00Z,0.0,0.0,0.0
2024-06-09T01:30:00Z,0.0,0.0,0.004
2024-06-09T01:45:00Z,0.0,0.0,0.0
2024-06-09T02:00:00Z,0.0,0.0,0.0
2024-06-09T02:15:00Z,0.0,0.0,0.0039999999981372
2024-06-09T02:30:00Z,0.0,0.0,0.0
2024-06-09T02:45:00Z,4.852105332524743,5.184,0.0
2024-06-09T03:00:00Z,7.690529889170679,7.72,0.0
2024-06-09T03:15:00Z,7.769101724137943,7.716,0.0
2024-06-09T03:30:00Z,7.772232222222235,7.816,0.0
2024-06-09T03:45:00Z,7.760150557626973,7.764,0.0
2024-06-09T04:00:00Z,6.743110550226098,6.808,0.0
2024-06-09T04:15:00Z,5.1901378241209075,5.224,0.0
2024-06-09T04:30:00Z,4.1414897145660055,4.16,0.0
2024-06-09T04:45:00Z,4.778754879398649,4.788,0.0
2024-06-09T05:00:00Z,2.8556658153435324,2.892,0.0
2024-06-09T05:15:00Z,2.0531850462371555,2.068,0.0
2024-06-09T05:30:00Z,1.5826479305986838,1.592,0.0
2024-06-09T05:45:00Z,0.9323876630655537,0.988,0.0
2024-06-09T06:00:00Z,0.0,0.0,0.0
2024-06-09T06:15:00Z,0.0,0.0,0.0040000000018624
2024-06-09T06:30:00Z,0.0,0.0,0.0
2024-06-09T06:45:00Z,0.0,0.0,0.004
2024-06-09T07:00:00Z,0.0,0.0,0.0
2024-06-09T07:15:00Z,0.0,0.0,0.004
2024-06-09T07:30:00Z,0.0,0.0,0.0
2024-06-09T07:45:00Z,0.0,0.0,0.0
2024-06-09T08:00:00Z,0.0,0.0,0.0039999999981372
2024-06-09T08:15:00Z,0.0,0.0,0.0
2024-06-09T08:30:00Z,0.0,0.0,0.0
2024-06-09T08:45:00Z,0.0,0.0,0.004
2024-06-09T09:00:00Z,0.0,0.0,0.0
2024-06-09T09:15:00Z,0.0,0.0,0.0
2024-06-09T09:30:00Z,0.0,0.0,0.0040000000018624
2024-06-09T09:45:00Z,0.0,0.0,0.004
2024-06-09T10:00:00Z,0.0,0.0,0.0
2024-06-09T10:15:00Z,0.0,0.0,0.0
2024-06-09T10:30:00Z,0.0,0.0,0.004
2024-06-09T10:45:00Z,0.0,0.0,0.32
2024-06-09T11:00:00Z,-0.35859057426900454,0.0,1.8239999999981371
2024-06-09T11:15:00Z,-1.752976000000001,0.0,1.7480000000018627
2024-06-09T11:30:00Z,-1.5906281481481477,0.0,1.604
2024-06-09T11:45:00Z,-1.5293614453353115,0.0,1.54
2024-06-09T12:00:00Z,-1.713285086646277,0.0,1.708
2024-06-09T12:15:00Z,-1.7271582222222204,0.0,1.728
2024-06-09T12:30:00Z,-1.7002393333333319,0.0,1.7
2024-06-09T12:45:00Z,-1.415676244444444,0.0,1.424
2024-06-09T13:00:00Z,-1.4862966666666666,0.0,1.4719999999981372
2024-06-09T13:15:00Z,-1.4461737777777772,0.0,1.4480000000018625
2024-06-09T13:30:00Z,-1.501764088888888,0.0,1.496
2024-06-09T13:45:00Z,-1.5781129777777785,0.0,1.576
2024-06-09T14:00:00Z,-1.3538053851851861,0.0,1.352
2024-06-09T14:15:00Z,-1.3242142592592594,0.0,1.336
2024-06-09T14:30:00Z,-0.7960895481481471,0.004,0.5639999999981372
2024-06-09T14:45:00Z,-1.185628217511521,0.0,1.0640000000018623
2024-06-13T15:00:00Z,-1.0516950071880533,0.0679999999981372,0.0
2024-06-13T15:15:00Z,-0.4920866888888895,0.0040000000018624,0.0
2024-06-13T15:30:00Z,0.0,0.0039999999981372,0.0
2024-06-13T15:45:00Z,0.0,0.0,0.004
2024-06-13T16:00:00Z,0.0,0.0,0.0
2024-06-13T16:15:00Z,0.0,0.0,0.004
2024-06-13T16:30:00Z,0.0,0.0,0.0
2024-06-13T16:45:00Z,0.0,0.0,0.0
2024-06-13T17:00:00Z,0.0,0.0,0.004
2024-06-13T17:15:00Z,0.0,0.0,0.0
2024-06-13T17:30:00Z,0.0,0.0,0.004
2024-06-13T17:45:00Z,0.0,0.0,0.0
2024-06-13T18:00:00Z,0.0,0.0,0.0
2024-06-13T18:15:00Z,0.0,0.0,0.0
2024-06-13T18:30:00Z,0.0,0.0,0.004
2024-06-13T18:45:00Z,0.0,0.0,0.0
2024-06-13T19:00:00Z,0.0,0.0,0.004
2024-06-13T19:15:00Z,0.0,0.0,0.0
2024-06-13T19:30:00Z,0.0,0.0,0.004
2024-06-13T19:45:00Z,0.0,0.0,0.0
2024-06-13T20:00:00Z,0.0,0.0,0.0
2024-06-13T20:15:00Z,0.0,0.0,0.004
2024-06-13T20:30:00Z,0.0,0.0,0.0
2024-06-13T20:45:00Z,0.0,0.0,0.004
2024-06-13T21:00:00Z,0.0,0.0,0.0
2024-06-13T21:15:00Z,0.0,0.0,0.0
2024-06-13T21:30:00Z,0.0,0.0,0.004
2024-06-13T21:45:00Z,0.0,0.0,0.0
2024-06-13T22:00:00Z,0.0,0.0,0.004
2024-06-13T22:15:00Z,0.0,0.0,0.0
2024-06-13T22:30:00Z,0.0,0.0,0.004
2024-06-13T22:45:00Z,0.0,0.0,0.0
2024-06-13T23:00:00Z,0.0,0.0,0.0
2024-06-13T23:15:00Z,0.0,0.0,0.0
2024-06-13T23:30:00Z,4.607684622222235,4.832,0.0
2024-06-13T23:45:00Z,4.718839777777791,4.908,0.0
2024-06-14T00:00:00Z,4.697652000000013,5.372,0.0
2024-06-14T00:15:00Z,5.883151099212348,7.740000000001863,0.0
2024-06-14T00:30:00Z,7.474407649385714,7.4679999999981375,0.0
2024-06-14T00:45:00Z,5.986736378165717,5.992,0.0
2024-06-14T01:00:00Z,4.797941274994807,4.8,0.0
2024-06-14T01:15:00Z,3.752124281553426,3.756,0.0
2024-06-14T01:30:00Z,2.96086846636427,2.964,0.0
2024-06-14T01:45:00Z,2.407445297966699,2.412,0.0
2024-06-14T02:00:00Z,1.9914142538916555,1.9840000000018627,0.0
2024-06-14T02:15:00Z,1.5943747300333095,1.608,0.0
2024-06-14T02:30:00Z,0.6940989541940472,0.6999999999981372,0.0
2024-06-14T02:45:00Z,0.25357,0.2519999999981372,0.0
2024-06-14T03:00:00Z,0.2543,0.2560000000018624,0.0
2024-06-14T03:15:00Z,0.2252407625786163,0.224,0.0
2024-06-14T03:30:00Z,0.2051722222222222,0.204,0.0
2024-06-14T03:45:00Z,0.1996522222222222,0.2,0.0
2024-06-14T04:00:00Z,0.2757722222222222,0.28,0.0
2024-06-14T04:15:00Z,0.3123294770444447,0.316,0.0
2024-06-14T04:30:00Z,0.31715804444444456,0.3160000000018624,0.0
2024-06-14T04:45:00Z,0.24911397777777772,0.2479999999981372,0.0
2024-06-14T05:00:00Z,0.2564842,0.248,0.0
2024-06-14T05:15:00Z,0.5060067407407405,0.516,0.0
2024-06-14T05:30:00Z,0.20827139259259247,0.2,0.0
2024-06-14T05:45:00Z,0.24384071111111044,0.248,0.0
2024-06-14T06:00:00Z,1.5130167259259275,1.5,0.0
2024-06-14T06:15:00Z,1.473807903703703,1.464,0.0
2024-06-14T06:30:00Z,0.7961105037037035,0.8,0.0
2024-06-14T06:45:00Z,1.4804100888888871,1.488,0.0
2024-06-14T07:00:00Z,1.1482970666666665,1.148,0.0
2024-06-14T07:15:00Z,0.16631362222222212,0.1639999999981372,0.0
2024-06-14T07:30:00Z,0.0,0.0120000000018624,0.0
2024-06-14T07:45:00Z,0.0,0.0,0.004
2024-06-14T08:00:00Z,0.0,0.0,0.0
2024-06-14T08:15:00Z,0.0,0.0,0.004
2024-06-14T08:30:00Z,0.0,0.0,0.0
2024-06-14T08:45:00Z,0.0,0.0,0.0040000000018624
2024-06-14T09:00:00Z,0.0,0.0,0.0
2024-06-14T09:15:00Z,0.0,0.0,0.0
2024-06-14T09:30:00Z,0.0,0.0,0.0039999999981372
2024-06-14T09:45:00Z,0.0,0.0,0.0
2024-06-14T10:00:00Z,0.0,0.0,0.0
2024-06-14T10:15:00Z,0.0,0.0,0.004
2024-06-14T10:30:00Z,0.0,0.0,0.0
2024-06-14T10:45:00Z,0.0,0.0,0.004
2024-06-14T11:00:00Z,0.0,0.0,0.0
2024-06-14T11:15:00Z,0.0,0.0,0.004
2024-06-14T11:30:00Z,0.0,0.0,0.0
2024-06-14T11:45:00Z,0.0,0.0,0.004
2024-06-14T12:00:00Z,0.0,0.0,0.0
2024-06-14T12:15:00Z,0.0,0.0,0.0
2024-06-14T12:30:00Z,0.0,0.0,0.004
2024-06-14T12:45:00Z,0.6470489955799867,0.0,0.0
2024-06-14T13:00:00Z,1.5024175182222226,0.0,0.004
2024-06-14T13:15:00Z,1.2980473102222232,0.0,0.0
2024-06-14T13:30:00Z,1.615007671111111,0.0,0.0
2024-06-14T13:45:00Z,1.5077189928888877,1.048,0.004
2024-06-14T14:00:00Z,1.3148871486938165,1.26,0.0
2024-06-14T14:15:00Z,1.4709966951111104,1.456,0.0
2024-06-14T14:30:00Z,1.2469285582222231,1.16,0.0
2024-06-14T14:45:00Z,0.25961289249359865,1.684,0.0
2024-06-16T15:00:00Z,-1.212928066312327,0.0,1.204
2024-06-16T15:15:00Z,-1.32941674074074,0.0,1.3360000000018624
2024-06-16T15:30:00Z,-0.15149395555555722,0.088,0.5279999999981372
2024-06-16T15:45:00Z,0.0,0.172,0.084
2024-06-16T16:00:00Z,-0.7835361652405879,0.0,0.3680000000018624
2024-06-16T16:15:00Z,-0.8283235259259257,0.0,0.8359999999981372
2024-06-16T16:30:00Z,-0.28003793333333415,0.0,0.3320000000018624
2024-06-16T16:45:00Z,-0.493193155555556,0.0,0.492
2024-06-16T17:00:00Z,-0.13139620000000046,0.0,0.1719999999981372
2024-06-16T17:15:00Z,-0.4320956444444436,0.0,0.4400000000018624
2024-06-16T17:30:00Z,-0.2571227555555554,0.0,0.28
2024-06-16T17:45:00Z,-0.2469039111111116,0.0,0.256
2024-06-16T18:00:00Z,0.0,0.004,0.0
2024-06-16T18:15:00Z,0.0,0.0,0.0
2024-06-16T18:30:00Z,0.0,0.0,0.0
2024-06-16T18:45:00Z,0.0,0.0,0.004
2024-06-16T19:00:00Z,0.0,0.0,0.0
2024-06-16T19:15:00Z,0.0,0.0,0.0039999999981372
2024-06-16T19:30:00Z,0.0,0.0,0.0
2024-06-16T19:45:00Z,0.0,0.0,0.0
2024-06-16T20:00:00Z,0.0,0.0,0.0040000000018624
2024-06-16T20:15:00Z,0.0,0.0,0.0
2024-06-16T20:30:00Z,0.0,0.0,0.0
2024-06-16T20:45:00Z,0.0,0.0,0.004
2024-06-16T21:00:00Z,0.0,0.0,0.0
2024-06-16T21:15:00Z,0.0,0.0,0.0039999999981372
2024-06-16T21:30:00Z,0.0,0.0,0.0
2024-06-16T21:45:00Z,0.0,0.0,0.004
2024-06-16T22:00:00Z,0.0,0.0,0.0
2024-06-16T22:15:00Z,0.0,0.0,0.004
2024-06-16T22:30:00Z,0.0,0.0,0.0
2024-06-16T22:45:00Z,0.0,0.0,0.0
2024-06-16T23:00:00Z,0.0,0.0,0.0040000000018624
2024-06-16T23:15:00Z,0.0,0.0,0.0
2024-06-16T23:30:00Z,0.0,0.0,0.0039999999981372
2024-06-16T23:45:00Z,0.0,0.0,0.0
2024-06-17T00:00:00Z,0.0,0.0,0.0
2024-06-17T00:15:00Z,0.0,0.0,0.0040000000018624
2024-06-17T00:30:00Z,0.0,0.0,0.0
2024-06-17T00:45:00Z,0.0,0.0,0.0
2024-06-17T01:00:00Z,0.0,0.0,0.0039999999981372
2024-06-17T01:15:00Z,0.0,0.0,0.0
2024-06-17T01:30:00Z,0.0,0.0,0.0040000000018624
2024-06-17T01:45:00Z,0.0,0.0,0.0
2024-06-17T02:00:00Z,0.0,0.0,0.004
2024-06-17T02:15:00Z,0.0,0.0,0.0
2024-06-17T02:30:00Z,0.0,0.0,0.0039999999981372
2024-06-17T02:45:00Z,0.0,0.0,0.0
2024-06-17T03:00:00Z,0.0,0.0,0.0
2024-06-17T03:15:00Z,0.0,0.0,0.004
2024-06-17T03:30:00Z,0.0,0.0,0.0
2024-06-17T03:45:00Z,0.0,0.0,0.004
2024-06-17T04:00:00Z,0.0,0.0,0.0
2024-06-17T04:15:00Z,0.0,0.032,0.008
2024-06-17T04:30:00Z,0.0,0.0,0.0
2024-06-17T04:45:00Z,0.0,0.0,0.0040000000018624
2024-06-17T05:00:00Z,0.0,0.0,0.0
2024-06-17T05:15:00Z,0.0,0.0,0.0039999999981372
2024-06-17T05:30:00Z,0.0,0.016,0.016
2024-06-17T05:45:00Z,0.0,0.004,0.0160000000018624
2024-06-17T06:00:00Z,0.0,0.0,0.0
2024-06-17T06:15:00Z,0.0,0.0,0.0039999999981372
2024-06-17T06:30:00Z,0.0,0.0,0.0
2024-06-17T06:45:00Z,0.0,0.0,0.0
2024-06-17T07:00:00Z,0.0,0.0,0.0040000000018624
2024-06-17T07:15:00Z,0.0,0.196,0.0
2024-06-17T07:30:00Z,0.0,0.14,0.0
2024-06-17T07:45:00Z,0.0,0.004,0.0
2024-06-17T08:00:00Z,0.0,0.0,0.0
2024-06-17T08:15:00Z,0.0,0.0,0.0
2024-06-17T08:30:00Z,0.0,0.0,0.0039999999981372
2024-06-17T08:45:00Z,0.0,0.0,0.0
2024-06-17T09:00:00Z,0.0,0.0,0.0040000000018624
2024-06-17T09:15:00Z,0.0,0.0,0.0
2024-06-17T09:30:00Z,0.0,0.0,0.0
2024-06-17T09:45:00Z,0.0,0.0,0.0039999999981372
2024-06-17T10:00:00Z,0.0,0.0,0.0
2024-06-17T10:15:00Z,0.0,0.0,0.004
2024-06-17T10:30:00Z,0.0,0.0,0.0
2024-06-17T10:45:00Z,0.0,0.0,0.0
2024-06-17T11:00:00Z,0.0,0.0,0.004
2024-06-17T11:15:00Z,0.0,0.0,0.0
2024-06-17T11:30:00Z,0.0,0.0,0.004
2024-06-17T11:45:00Z,-0.2832078051861431,0.0,1.4040000000018624
2024-06-17T12:00:00Z,-1.7649334080808066,0.0,1.7759999999981373
2024-06-17T12:15:00Z,-1.6136981679292934,0.0,1.604
2024-06-17T12:30:00Z,-0.6823991690235679,0.0,0.696
2024-06-17T12:45:00Z,-0.4585594501253138,0.0,0.4600000000018624
2024-06-17T13:00:00Z,-0.7661139639975175,0.0,0.776
2024-06-17T13:15:00Z,-0.7986815555555572,0.0,0.796
2024-06-17T13:30:00Z,-0.9419840000000004,0.0,0.9479999999981372
2024-06-17T13:45:00Z,-0.5233175555555567,0.0,0.5240000000018624
2024-06-17T14:00:00Z,-0.6986557777777789,0.0,0.6999999999981372
2024-06-17T14:15:00Z,-1.1965771111111123,0.0,1.192
2024-06-17T14:30:00Z,-1.1312704740740736,0.0,1.14
2024-06-17T14:45:00Z,-0.7548913966205824,0.0,0.756
